scheme_name,months_invested,total_invested,current_value,sip_return_percent
ICICI Prudential Nifty 50 Index Fund - Direct Growth,161,805000,2084417.6107081596,158.93386468424345
UTI Nifty 50 Index Fund - Direct Growth,161,805000,1883516.6729930614,133.9772264587654
HDFC Index Fund Nifty 50 Plan - Direct Growth,161,805000,1878430.4350825003,133.34539566242242
SBI Nifty Index Fund - Direct Growth,161,805000,1241198.6559934495,54.18616844639125
